<?xml version="1.0" encoding="UTF-8"?>
<jcr:root xmlns:sling="http://sling.apache.org/jcr/sling/1.0" xmlns:cq="http://www.day.com/jcr/cq/1.0" xmlns:jcr="http://www.jcp.org/jcr/1.0" xmlns:nt="http://www.jcp.org/jcr/nt/1.0"
    jcr:primaryType="cq:Page">
    <jcr:content
        cq:lastModified="{Date}2022-04-23T21:09:47.032+05:30"
        cq:lastModifiedBy="admin"
        cq:template="/conf/photograd/settings/wcm/templates/photograd-home-page"
        jcr:primaryType="cq:PageContent"
        jcr:title="Home Page"
        sling:resourceType="photograd/components/structure/photograd-page">
        <root
            jcr:primaryType="nt:unstructured"
            sling:resourceType="wcm/foundation/components/responsivegrid">
            <header
                jcr:created="{Date}2022-04-22T23:34:33.064+05:30"
                jcr:createdBy="admin"
                jcr:lastModified="{Date}2022-04-23T21:09:47.029+05:30"
                jcr:lastModifiedBy="admin"
                jcr:primaryType="nt:unstructured"
                sling:resourceType="photograd/components/photograd-components/header"
                rootpath="/content/photograd/language-masters/en/home">
                <pages jcr:primaryType="nt:unstructured">
                    <item0
                        jcr:primaryType="nt:unstructured"
                        pagename="Home"
                        pagepath="/content/photograd/language-masters/en/home"/>
                    <item1
                        jcr:primaryType="nt:unstructured"
                        pagename="Submission"
                        pagepath="/content/photograd/language-masters/en/home/submisions"/>
                    <item2
                        jcr:primaryType="nt:unstructured"
                        pagename="Deletion"
                        pagepath="/content/photograd/language-masters/en/home/photo-delete-submission"/>
                    <item3
                        jcr:primaryType="nt:unstructured"
                        pagename="Gallery"
                        pagepath="/content/photograd/language-masters/en/home/view-gallery"/>
                </pages>
                <pagedetails jcr:primaryType="nt:unstructured">
                    <item0
                        jcr:primaryType="nt:unstructured"
                        pagename="Home"
                        pagepath="/content/photograd/language-masters/en/home"/>
                    <item1
                        jcr:primaryType="nt:unstructured"
                        pagename="Upload"
                        pagepath="/content/photograd/language-masters/en/home/submisions"/>
                    <item2
                        jcr:primaryType="nt:unstructured"
                        pagename="Gallery"
                        pagepath="/content/photograd/language-masters/en/home/view-gallery"/>
                </pagedetails>
            </header>
            <text_image
                jcr:created="{Date}2022-04-23T11:32:02.732+05:30"
                jcr:createdBy="admin"
                jcr:lastModified="{Date}2022-04-23T15:23:28.398+05:30"
                jcr:lastModifiedBy="admin"
                jcr:primaryType="nt:unstructured"
                sling:resourceType="photograd/components/photograd-components/text-image"
                imagepath="/content/dam/photograd/us/en/home/math-3QbOHeqZnE4-unsplash.jpg"
                text="&lt;p>Taking a series of photos of a historic site or landmark can be a great experience. You can learn to capture the same site from different angles to help portray its character and tell its story. And you can also photograph how people visit and engage with the site or landmark. Take photos at different times of day and in varied lighting to capture all its nuances and moods.&lt;br />&#xd;&#xa;&lt;/p>&#xd;&#xa;"
                textIsRich="true"
                title="this is the dummy data for cron"/>
            <title
                jcr:created="{Date}2022-04-23T00:19:09.130+05:30"
                jcr:createdBy="admin"
                jcr:lastModified="{Date}2022-04-23T00:31:20.376+05:30"
                jcr:lastModifiedBy="admin"
                jcr:primaryType="nt:unstructured"
                jcr:title="Photography is the art of making memories tangible"
                sling:resourceType="photograd/components/content/title"
                type="h4">
                <cq:responsive jcr:primaryType="nt:unstructured">
                    <default
                        jcr:primaryType="nt:unstructured"
                        offset="4"
                        width="5"/>
                </cq:responsive>
            </title>
            <text
                jcr:created="{Date}2022-04-23T00:32:02.676+05:30"
                jcr:createdBy="admin"
                jcr:lastModified="{Date}2022-04-23T12:30:07.921+05:30"
                jcr:lastModifiedBy="admin"
                jcr:primaryType="nt:unstructured"
                sling:resourceType="photograd/components/content/text"
                text="&lt;h5>&lt;a href=&quot;https://www.unsplash.com/&quot;>&lt;h6>- Destin Sparks&lt;/h6>&#xd;&#xa;&lt;/a>&lt;/h5>&#xd;&#xa;"
                textIsRich="true">
                <cq:responsive jcr:primaryType="nt:unstructured">
                    <default
                        jcr:primaryType="nt:unstructured"
                        offset="7"
                        width="5"/>
                </cq:responsive>
            </text>
            <image
                jcr:created="{Date}2022-04-23T11:53:48.234+05:30"
                jcr:createdBy="admin"
                jcr:lastModified="{Date}2022-04-23T11:54:17.137+05:30"
                jcr:lastModifiedBy="admin"
                jcr:primaryType="nt:unstructured"
                sling:resourceType="photograd/components/content/image"
                altValueFromDAM="true"
                displayPopupTitle="true"
                fileReference="/content/dam/photograd/us/en/home/home1.jpg"
                isDecorative="false"
                titleValueFromDAM="true"/>
            <contentfragment
                jcr:created="{Date}2022-04-23T11:55:17.033+05:30"
                jcr:createdBy="admin"
                jcr:lastModified="{Date}2022-04-23T11:57:49.910+05:30"
                jcr:lastModifiedBy="admin"
                jcr:primaryType="nt:unstructured"
                sling:resourceType="photograd/components/content/contentfragment"
                displayMode="multi"
                elementNames="[photo-description,publish-date]"
                fragmentPath="/content/dam/photograd/content-fragments/english/photo-grad-content-fragmetn"
                paragraphScope="all"
                variationName="master"/>
            <list
                jcr:created="{Date}2022-04-23T00:17:42.926+05:30"
                jcr:createdBy="admin"
                jcr:lastModified="{Date}2022-04-23T00:18:04.609+05:30"
                jcr:lastModifiedBy="admin"
                jcr:primaryType="nt:unstructured"
                sling:resourceType="photograd/components/content/list"
                childDepth="1"
                linkItems="true"
                listFrom="children"
                parentPage="/content/photograd/language-masters/en/home"
                showDescription="false"
                showModificationDate="false"
                sortOrder="asc"
                tagsMatch="any">
                <cq:responsive jcr:primaryType="nt:unstructured">
                    <default
                        jcr:primaryType="nt:unstructured"
                        offset="0"
                        width="12"/>
                </cq:responsive>
            </list>
            <footer
                jcr:created="{Date}2022-04-22T23:59:24.418+05:30"
                jcr:createdBy="admin"
                jcr:lastModified="{Date}2022-04-22T23:59:24.418+05:30"
                jcr:lastModifiedBy="admin"
                jcr:primaryType="nt:unstructured"
                sling:resourceType="photograd/components/photograd-components/footer"/>
        </root>
    </jcr:content>
    <submisions/>
    <view-gallery/>
</jcr:root>
