<?xml version="1.0" encoding="UTF-8"?>
<jcr:root xmlns:sling="http://sling.apache.org/jcr/sling/1.0" xmlns:cq="http://www.day.com/jcr/cq/1.0" xmlns:jcr="http://www.jcp.org/jcr/1.0" xmlns:nt="http://www.jcp.org/jcr/nt/1.0"
    jcr:primaryType="cq:Page">
    <jcr:content
        cq:lastModified="{Date}2022-04-23T21:40:25.893+05:30"
        cq:lastModifiedBy="translation-job-service"
        cq:lastTranslationDone="{Date}2022-04-23T21:40:25.893+05:30"
        cq:lastTranslationUpdate="{Date}2022-04-23T21:39:59.252+05:30"
        cq:template="/conf/photograd/settings/wcm/templates/photo-grad-content-page"
        cq:translationMethod="MACHINE_TRANSLATION"
        cq:translationProviderCloudConfig="/libs/settings/cloudconfigs/translation/msft-translation/msft_trial"
        cq:translationProviderName="microsoft"
        cq:translationSourcePath="/content/photograd/language-masters/en/home/view-gallery"
        cq:translationStatus="APPROVED"
        jcr:primaryType="cq:PageContent"
        jcr:title="Voir la galerie"
        sling:resourceType="photograd/components/structure/photograd-page">
        <root
            jcr:lastModified="{Date}2022-04-22T22:18:36.710+05:30"
            jcr:lastModifiedBy="admin"
            jcr:primaryType="nt:unstructured"
            sling:resourceType="wcm/foundation/components/responsivegrid">
            <header
                jcr:created="{Date}2022-04-22T23:34:33.064+05:30"
                jcr:createdBy="admin"
                jcr:lastModified="{Date}2022-04-23T21:09:15.958+05:30"
                jcr:lastModifiedBy="admin"
                jcr:primaryType="nt:unstructured"
                sling:resourceType="photograd/components/photograd-components/header"
                rootpath="/content/photograd/language-masters/fr/home">
                <pages jcr:primaryType="nt:unstructured">
                    <item0
                        jcr:primaryType="nt:unstructured"
                        pagename="Home"
                        pagepath="/content/photograd/language-masters/fr/home"/>
                    <item1
                        jcr:primaryType="nt:unstructured"
                        pagename="Submission"
                        pagepath="/content/photograd/language-masters/fr/home/submisions"/>
                    <item2
                        jcr:primaryType="nt:unstructured"
                        pagename="Deletion"
                        pagepath="/content/photograd/language-masters/fr/home/photo-delete-submission"/>
                    <item3
                        jcr:primaryType="nt:unstructured"
                        pagename="Gallery"
                        pagepath="/content/photograd/language-masters/fr/home/view-gallery"/>
                </pages>
                <pagedetails jcr:primaryType="nt:unstructured">
                    <item0
                        jcr:primaryType="nt:unstructured"
                        pagename="Home"
                        pagepath="/content/photograd/language-masters/fr/home"/>
                    <item1
                        jcr:primaryType="nt:unstructured"
                        pagename="Upload"
                        pagepath="/content/photograd/language-masters/fr/home/submisions"/>
                    <item2
                        jcr:primaryType="nt:unstructured"
                        pagename="Gallery"
                        pagepath="/content/photograd/language-masters/fr/home/view-gallery"/>
                </pagedetails>
            </header>
            <breadcrumb
                jcr:created="{Date}2022-04-23T14:43:18.441+05:30"
                jcr:createdBy="admin"
                jcr:lastModified="{Date}2022-04-23T14:52:15.771+05:30"
                jcr:lastModifiedBy="admin"
                jcr:primaryType="nt:unstructured"
                sling:resourceType="photograd/components/content/breadcrumb"
                hideCurrent="false"
                showHidden="true"
                startLevel="4">
                <cq:responsive jcr:primaryType="nt:unstructured">
                    <default
                        jcr:primaryType="nt:unstructured"
                        offset="1"
                        width="10"/>
                </cq:responsive>
            </breadcrumb>
            <gallery
                jcr:created="{Date}2022-04-23T20:07:02.768+05:30"
                jcr:createdBy="admin"
                jcr:lastModified="{Date}2022-04-23T20:07:02.768+05:30"
                jcr:lastModifiedBy="admin"
                jcr:primaryType="nt:unstructured"
                sling:resourceType="photograd/components/photograd-components/gallery"/>
            <footer
                jcr:created="{Date}2022-04-22T23:39:06.003+05:30"
                jcr:createdBy="admin"
                jcr:lastModified="{Date}2022-04-22T23:39:06.003+05:30"
                jcr:lastModifiedBy="admin"
                jcr:primaryType="nt:unstructured"
                sling:resourceType="photograd/components/photograd-components/footer"/>
        </root>
    </jcr:content>
</jcr:root>
